-- ---------------------------------------------------------------------------
-- ------------------------------- CATEGORIES -------------------------------
-- ---------------------------------------------------------------------------
INSERT INTO CATEGORIE(id_categorie, nom_categorie) VALUES(1,'Entrées et plats composés');
INSERT INTO CATEGORIE(id_categorie, nom_categorie) VALUES(2,'Fruits, légumes, légumineuses et oléagineux');
INSERT INTO CATEGORIE(id_categorie, nom_categorie) VALUES(3,'Pâtes diverses, produits céréaliers');
INSERT INTO CATEGORIE(id_categorie, nom_categorie) VALUES(4,'Viandes, œufs, poissons et assimilés');
INSERT INTO CATEGORIE(id_categorie, nom_categorie) VALUES(5,'Produits laitiers et assimilés');
INSERT INTO CATEGORIE(id_categorie, nom_categorie) VALUES(6,'Eaux et autres boissons');
INSERT INTO CATEGORIE(id_categorie, nom_categorie) VALUES(7,'Produits sucrés');
INSERT INTO CATEGORIE(id_categorie, nom_categorie) VALUES(8,'Glaces et sorbets');
INSERT INTO CATEGORIE(id_categorie, nom_categorie) VALUES(9,'Matières grasses');
INSERT INTO CATEGORIE(id_categorie, nom_categorie) VALUES(10,'Aides culinaires et ingrédients divers');
INSERT INTO CATEGORIE(id_categorie, nom_categorie) VALUES(11,'Aliments infantiles');
-- ---------------------------------------------------------------------------
-- ---------------------------- CHILD CATEGORIES ----------------------------
-- ---------------------------------------------------------------------------
INSERT INTO SOUSCATEGORIE(id_categorie, id_sous_categorie, nom_sous_categorie) VALUES(1,103,'Plats composés');
INSERT INTO SOUSCATEGORIE(id_categorie, id_sous_categorie, nom_sous_categorie) VALUES(1,106,'Feuilletées et autres entrées');
INSERT INTO SOUSCATEGORIE(id_categorie, id_sous_categorie, nom_sous_categorie) VALUES(1,102,'Soupes');
INSERT INTO SOUSCATEGORIE(id_categorie, id_sous_categorie, nom_sous_categorie) VALUES(1,105,'Sandwichs');
INSERT INTO SOUSCATEGORIE(id_categorie, id_sous_categorie, nom_sous_categorie) VALUES(1,104,'Pizzas, tartes et crêpes salées');
INSERT INTO SOUSCATEGORIE(id_categorie, id_sous_categorie, nom_sous_categorie) VALUES(1,101,'Salades composées et crudités');
INSERT INTO SOUSCATEGORIE(id_categorie, id_sous_categorie, nom_sous_categorie) VALUES(2,204,'Fruits');
INSERT INTO SOUSCATEGORIE(id_categorie, id_sous_categorie, nom_sous_categorie) VALUES(2,205,'Fruits à coque et graines oléagineuses');
INSERT INTO SOUSCATEGORIE(id_categorie, id_sous_categorie, nom_sous_categorie) VALUES(2,201,'Légumes');
INSERT INTO SOUSCATEGORIE(id_categorie, id_sous_categorie, nom_sous_categorie) VALUES(2,202,'Pommes de terre et autres tubercules');
INSERT INTO SOUSCATEGORIE(id_categorie, id_sous_categorie, nom_sous_categorie) VALUES(2,203,'Légumineuses');
INSERT INTO SOUSCATEGORIE(id_categorie, id_sous_categorie, nom_sous_categorie) VALUES(3,301,'Pâtes, riz et céréales');
INSERT INTO SOUSCATEGORIE(id_categorie, id_sous_categorie, nom_sous_categorie) VALUES(3,305,'Pates et farines');
INSERT INTO SOUSCATEGORIE(id_categorie, id_sous_categorie, nom_sous_categorie) VALUES(3,302,'Pains et assimilés');
INSERT INTO SOUSCATEGORIE(id_categorie, id_sous_categorie, nom_sous_categorie) VALUES(3,303,'Biscuits apéritifs');
INSERT INTO SOUSCATEGORIE(id_categorie, id_sous_categorie, nom_sous_categorie) VALUES(4,401,'Viandes cuites');
INSERT INTO SOUSCATEGORIE(id_categorie, id_sous_categorie, nom_sous_categorie) VALUES(4,409,'Produits à base de poissons et produits de la mer');
INSERT INTO SOUSCATEGORIE(id_categorie, id_sous_categorie, nom_sous_categorie) VALUES(4,402,'Viandes crues');
INSERT INTO SOUSCATEGORIE(id_categorie, id_sous_categorie, nom_sous_categorie) VALUES(4,406,'Poissons crus');
INSERT INTO SOUSCATEGORIE(id_categorie, id_sous_categorie, nom_sous_categorie) VALUES(4,403,'Charcuteries et assimilés');
INSERT INTO SOUSCATEGORIE(id_categorie, id_sous_categorie, nom_sous_categorie) VALUES(4,405,'Poissons cuits');
INSERT INTO SOUSCATEGORIE(id_categorie, id_sous_categorie, nom_sous_categorie) VALUES(4,407,'Mollusques et crustacés cuits');
INSERT INTO SOUSCATEGORIE(id_categorie, id_sous_categorie, nom_sous_categorie) VALUES(4,404,'Autres produits à base de viande');
INSERT INTO SOUSCATEGORIE(id_categorie, id_sous_categorie, nom_sous_categorie) VALUES(4,411,'Substitus de produits carnés');
INSERT INTO SOUSCATEGORIE(id_categorie, id_sous_categorie, nom_sous_categorie) VALUES(4,408,'Mollusques et crustacés crus');
INSERT INTO SOUSCATEGORIE(id_categorie, id_sous_categorie, nom_sous_categorie) VALUES(4,410,'Œufs');
INSERT INTO SOUSCATEGORIE(id_categorie, id_sous_categorie, nom_sous_categorie) VALUES(5,503,'Fromages et assimilés');
INSERT INTO SOUSCATEGORIE(id_categorie, id_sous_categorie, nom_sous_categorie) VALUES(5,502,'Produits laitiers frais et assimilés');
INSERT INTO SOUSCATEGORIE(id_categorie, id_sous_categorie, nom_sous_categorie) VALUES(5,504,'Crèmes et spécialités à base de crème');
INSERT INTO SOUSCATEGORIE(id_categorie, id_sous_categorie, nom_sous_categorie) VALUES(5,501,'Laits');
INSERT INTO SOUSCATEGORIE(id_categorie, id_sous_categorie, nom_sous_categorie) VALUES(6,603,'Boisson alcoolisées');
INSERT INTO SOUSCATEGORIE(id_categorie, id_sous_categorie, nom_sous_categorie) VALUES(6,602,'Boissons sans alcool');
INSERT INTO SOUSCATEGORIE(id_categorie, id_sous_categorie, nom_sous_categorie) VALUES(6,601,'Eaux');
INSERT INTO SOUSCATEGORIE(id_categorie, id_sous_categorie, nom_sous_categorie) VALUES(7,709,'Gâteaux et pâtisseries');
INSERT INTO SOUSCATEGORIE(id_categorie, id_sous_categorie, nom_sous_categorie) VALUES(7,702,'Chocolats et produits à base de chocolat');
INSERT INTO SOUSCATEGORIE(id_categorie, id_sous_categorie, nom_sous_categorie) VALUES(7,706,'Biscuits sucrés');
INSERT INTO SOUSCATEGORIE(id_categorie, id_sous_categorie, nom_sous_categorie) VALUES(7,708,'Barres céréalières');
INSERT INTO SOUSCATEGORIE(id_categorie, id_sous_categorie, nom_sous_categorie) VALUES(7,707,'Céréales de petit-déjeuner');
INSERT INTO SOUSCATEGORIE(id_categorie, id_sous_categorie, nom_sous_categorie) VALUES(7,703,'Confiseries non chocolatées');
INSERT INTO SOUSCATEGORIE(id_categorie, id_sous_categorie, nom_sous_categorie) VALUES(7,705,'Viennoiseries');
INSERT INTO SOUSCATEGORIE(id_categorie, id_sous_categorie, nom_sous_categorie) VALUES(7,701,'Sucres, miels et assimilés');
INSERT INTO SOUSCATEGORIE(id_categorie, id_sous_categorie, nom_sous_categorie) VALUES(7,704,'Confitures et assimilés');
INSERT INTO SOUSCATEGORIE(id_categorie, id_sous_categorie, nom_sous_categorie) VALUES(8,801,'Glaces');
INSERT INTO SOUSCATEGORIE(id_categorie, id_sous_categorie, nom_sous_categorie) VALUES(8,803,'Desserts glacés');
INSERT INTO SOUSCATEGORIE(id_categorie, id_sous_categorie, nom_sous_categorie) VALUES(8,802,'Sorbets');
INSERT INTO SOUSCATEGORIE(id_categorie, id_sous_categorie, nom_sous_categorie) VALUES(9,901,'Beurres');
INSERT INTO SOUSCATEGORIE(id_categorie, id_sous_categorie, nom_sous_categorie) VALUES(9,905,'Autres matières grasses');
INSERT INTO SOUSCATEGORIE(id_categorie, id_sous_categorie, nom_sous_categorie) VALUES(9,902,'Huiles et graisses végétales');
INSERT INTO SOUSCATEGORIE(id_categorie, id_sous_categorie, nom_sous_categorie) VALUES(9,904,'Huiles de poissons');
INSERT INTO SOUSCATEGORIE(id_categorie, id_sous_categorie, nom_sous_categorie) VALUES(9,903,'Margarines');
INSERT INTO SOUSCATEGORIE(id_categorie, id_sous_categorie, nom_sous_categorie) VALUES(10,1007,'Algues');
INSERT INTO SOUSCATEGORIE(id_categorie, id_sous_categorie, nom_sous_categorie) VALUES(10,1006,'Herbes');
INSERT INTO SOUSCATEGORIE(id_categorie, id_sous_categorie, nom_sous_categorie) VALUES(10,1010,'Ingrédients divers');
INSERT INTO SOUSCATEGORIE(id_categorie, id_sous_categorie, nom_sous_categorie) VALUES(10,1008,'Denrées destinées à une alimentation particulière');
INSERT INTO SOUSCATEGORIE(id_categorie, id_sous_categorie, nom_sous_categorie) VALUES(10,1003,'Aides culinaires');
INSERT INTO SOUSCATEGORIE(id_categorie, id_sous_categorie, nom_sous_categorie) VALUES(10,1005,'Épices');
INSERT INTO SOUSCATEGORIE(id_categorie, id_sous_categorie, nom_sous_categorie) VALUES(10,1002,'Condiments');
INSERT INTO SOUSCATEGORIE(id_categorie, id_sous_categorie, nom_sous_categorie) VALUES(10,1001,'Sauces');
INSERT INTO SOUSCATEGORIE(id_categorie, id_sous_categorie, nom_sous_categorie) VALUES(10,1004,'Sels');
INSERT INTO SOUSCATEGORIE(id_categorie, id_sous_categorie, nom_sous_categorie) VALUES(11,1104,'Céréales et biscuits infantiles');
INSERT INTO SOUSCATEGORIE(id_categorie, id_sous_categorie, nom_sous_categorie) VALUES(11,1101,'Laits et boissons infantiles');
INSERT INTO SOUSCATEGORIE(id_categorie, id_sous_categorie, nom_sous_categorie) VALUES(11,1103,'Desserts infantiles');
INSERT INTO SOUSCATEGORIE(id_categorie, id_sous_categorie, nom_sous_categorie) VALUES(11,1102,'Petits pots salés et plats infantiles');
-- ---------------------------------------------------------------------------
-- ------------------------- CHILD CHILD CATEGORIES -------------------------
-- ---------------------------------------------------------------------------
INSERT INTO SOUSSOUSCATEGORIE(id_sous_categorie, id_sous_sous_categorie, nom_sous_sous_categorie) VALUES(103,10308,'Plats de fromage');
INSERT INTO SOUSSOUSCATEGORIE(id_sous_categorie, id_sous_sous_categorie, nom_sous_sous_categorie) VALUES(103,10309,'Plats végétariens');
INSERT INTO SOUSSOUSCATEGORIE(id_sous_categorie, id_sous_sous_categorie, nom_sous_sous_categorie) VALUES(103,10306,'Plats de légumes/légumineuses');
INSERT INTO SOUSSOUSCATEGORIE(id_sous_categorie, id_sous_sous_categorie, nom_sous_sous_categorie) VALUES(106,10600,'Non spécialisable');
INSERT INTO SOUSSOUSCATEGORIE(id_sous_categorie, id_sous_sous_categorie, nom_sous_sous_categorie) VALUES(103,10301,'Plats de viande sans garniture');
INSERT INTO SOUSSOUSCATEGORIE(id_sous_categorie, id_sous_sous_categorie, nom_sous_sous_categorie) VALUES(103,10307,'Plats de céréales/pâtes');
INSERT INTO SOUSSOUSCATEGORIE(id_sous_categorie, id_sous_sous_categorie, nom_sous_sous_categorie) VALUES(103,10303,'Plats de viande et légumes/légumineuses');
INSERT INTO SOUSSOUSCATEGORIE(id_sous_categorie, id_sous_sous_categorie, nom_sous_sous_categorie) VALUES(102,10200,'Non spécialisable');
INSERT INTO SOUSSOUSCATEGORIE(id_sous_categorie, id_sous_sous_categorie, nom_sous_sous_categorie) VALUES(103,10304,'Plats de poisson sans garniture');
INSERT INTO SOUSSOUSCATEGORIE(id_sous_categorie, id_sous_sous_categorie, nom_sous_sous_categorie) VALUES(105,10500,'Non spécialisable');
INSERT INTO SOUSSOUSCATEGORIE(id_sous_categorie, id_sous_sous_categorie, nom_sous_sous_categorie) VALUES(104,10400,'Non spécialisable');
INSERT INTO SOUSSOUSCATEGORIE(id_sous_categorie, id_sous_sous_categorie, nom_sous_sous_categorie) VALUES(101,10100,'Non spécialisable');
INSERT INTO SOUSSOUSCATEGORIE(id_sous_categorie, id_sous_sous_categorie, nom_sous_sous_categorie) VALUES(103,10302,'Plats de viande et féculents');
INSERT INTO SOUSSOUSCATEGORIE(id_sous_categorie, id_sous_sous_categorie, nom_sous_sous_categorie) VALUES(103,10305,'Plats de poisson et féculents');
INSERT INTO SOUSSOUSCATEGORIE(id_sous_categorie, id_sous_sous_categorie, nom_sous_sous_categorie) VALUES(204,20403,'Fruits appertisés');
INSERT INTO SOUSSOUSCATEGORIE(id_sous_categorie, id_sous_sous_categorie, nom_sous_sous_categorie) VALUES(204,20405,'Fruits et leurs produits de la martinique');
INSERT INTO SOUSSOUSCATEGORIE(id_sous_categorie, id_sous_sous_categorie, nom_sous_sous_categorie) VALUES(204,20401,'Fruits crus');
INSERT INTO SOUSSOUSCATEGORIE(id_sous_categorie, id_sous_sous_categorie, nom_sous_sous_categorie) VALUES(204,20404,'Fruits séchés');
INSERT INTO SOUSSOUSCATEGORIE(id_sous_categorie, id_sous_sous_categorie, nom_sous_sous_categorie) VALUES(205,20500,'Non spécialisable');
INSERT INTO SOUSSOUSCATEGORIE(id_sous_categorie, id_sous_sous_categorie, nom_sous_sous_categorie) VALUES(204,20406,'Fruits et leurs produits de la réunion');
INSERT INTO SOUSSOUSCATEGORIE(id_sous_categorie, id_sous_sous_categorie, nom_sous_sous_categorie) VALUES(201,20102,'Légumes cuits');
INSERT INTO SOUSSOUSCATEGORIE(id_sous_categorie, id_sous_sous_categorie, nom_sous_sous_categorie) VALUES(201,20101,'Légumes crus');
INSERT INTO SOUSSOUSCATEGORIE(id_sous_categorie, id_sous_sous_categorie, nom_sous_sous_categorie) VALUES(201,20104,'Légumes et leurs produits de la martinique');
INSERT INTO SOUSSOUSCATEGORIE(id_sous_categorie, id_sous_sous_categorie, nom_sous_sous_categorie) VALUES(202,20200,'Non spécialisable');
INSERT INTO SOUSSOUSCATEGORIE(id_sous_categorie, id_sous_sous_categorie, nom_sous_sous_categorie) VALUES(201,20105,'Légumes et leurs produits de la réunion');
INSERT INTO SOUSSOUSCATEGORIE(id_sous_categorie, id_sous_sous_categorie, nom_sous_sous_categorie) VALUES(201,20103,'Légumes séchés ou déshydratés');
INSERT INTO SOUSSOUSCATEGORIE(id_sous_categorie, id_sous_sous_categorie, nom_sous_sous_categorie) VALUES(204,20402,'Compotes et assimilés');
INSERT INTO SOUSSOUSCATEGORIE(id_sous_categorie, id_sous_sous_categorie, nom_sous_sous_categorie) VALUES(203,20302,'Légumineuses fraîches');
INSERT INTO SOUSSOUSCATEGORIE(id_sous_categorie, id_sous_sous_categorie, nom_sous_sous_categorie) VALUES(203,20301,'Légumineuses cuites');
INSERT INTO SOUSSOUSCATEGORIE(id_sous_categorie, id_sous_sous_categorie, nom_sous_sous_categorie) VALUES(203,20303,'Légumineuses sèches');
INSERT INTO SOUSSOUSCATEGORIE(id_sous_categorie, id_sous_sous_categorie, nom_sous_sous_categorie) VALUES(301,30102,'Pâtes, riz et céréales crus');
INSERT INTO SOUSSOUSCATEGORIE(id_sous_categorie, id_sous_sous_categorie, nom_sous_sous_categorie) VALUES(305,30501,'Farines');
INSERT INTO SOUSSOUSCATEGORIE(id_sous_categorie, id_sous_sous_categorie, nom_sous_sous_categorie) VALUES(302,30201,'Pains');
INSERT INTO SOUSSOUSCATEGORIE(id_sous_categorie, id_sous_sous_categorie, nom_sous_sous_categorie) VALUES(302,30202,'Biscottes et pains grillés');
INSERT INTO SOUSSOUSCATEGORIE(id_sous_categorie, id_sous_sous_categorie, nom_sous_sous_categorie) VALUES(303,30300,'Non spécialisable');
INSERT INTO SOUSSOUSCATEGORIE(id_sous_categorie, id_sous_sous_categorie, nom_sous_sous_categorie) VALUES(301,30101,'Pâtes, riz et céréales cuits');
INSERT INTO SOUSSOUSCATEGORIE(id_sous_categorie, id_sous_sous_categorie, nom_sous_sous_categorie) VALUES(305,30502,'Pâtes');
INSERT INTO SOUSSOUSCATEGORIE(id_sous_categorie, id_sous_sous_categorie, nom_sous_sous_categorie) VALUES(409,40900,'Non spécialisable');
INSERT INTO SOUSSOUSCATEGORIE(id_sous_categorie, id_sous_sous_categorie, nom_sous_sous_categorie) VALUES(401,40105,'Agneau et mouton casher');
INSERT INTO SOUSSOUSCATEGORIE(id_sous_categorie, id_sous_sous_categorie, nom_sous_sous_categorie) VALUES(402,40205,'Agneau et mouton');
INSERT INTO SOUSSOUSCATEGORIE(id_sous_categorie, id_sous_sous_categorie, nom_sous_sous_categorie) VALUES(406,40600,'Non spécialisable');
INSERT INTO SOUSSOUSCATEGORIE(id_sous_categorie, id_sous_sous_categorie, nom_sous_sous_categorie) VALUES(403,40308,'Autres spécialités charcutières');
INSERT INTO SOUSSOUSCATEGORIE(id_sous_categorie, id_sous_sous_categorie, nom_sous_sous_categorie) VALUES(405,40500,'Non spécialisable');
INSERT INTO SOUSSOUSCATEGORIE(id_sous_categorie, id_sous_sous_categorie, nom_sous_sous_categorie) VALUES(407,40700,'Non spécialisable');
INSERT INTO SOUSSOUSCATEGORIE(id_sous_categorie, id_sous_sous_categorie, nom_sous_sous_categorie) VALUES(401,40107,'Autres viandes');
INSERT INTO SOUSSOUSCATEGORIE(id_sous_categorie, id_sous_sous_categorie, nom_sous_sous_categorie) VALUES(402,40201,'Bœuf et veau');
INSERT INTO SOUSSOUSCATEGORIE(id_sous_categorie, id_sous_sous_categorie, nom_sous_sous_categorie) VALUES(404,40400,'Non spécialisable');
INSERT INTO SOUSSOUSCATEGORIE(id_sous_categorie, id_sous_sous_categorie, nom_sous_sous_categorie) VALUES(401,40101,'Bœuf et veau halal');
INSERT INTO SOUSSOUSCATEGORIE(id_sous_categorie, id_sous_sous_categorie, nom_sous_sous_categorie) VALUES(411,41100,'Non spécialisable');
INSERT INTO SOUSSOUSCATEGORIE(id_sous_categorie, id_sous_sous_categorie, nom_sous_sous_categorie) VALUES(408,40800,'Non spécialisable');
INSERT INTO SOUSSOUSCATEGORIE(id_sous_categorie, id_sous_sous_categorie, nom_sous_sous_categorie) VALUES(402,40207,'Autres viandes casher');
INSERT INTO SOUSSOUSCATEGORIE(id_sous_categorie, id_sous_sous_categorie, nom_sous_sous_categorie) VALUES(402,40206,'Gibier');
INSERT INTO SOUSSOUSCATEGORIE(id_sous_categorie, id_sous_sous_categorie, nom_sous_sous_categorie) VALUES(402,40208,'Abats');
INSERT INTO SOUSSOUSCATEGORIE(id_sous_categorie, id_sous_sous_categorie, nom_sous_sous_categorie) VALUES(401,40108,'Abats halal');
INSERT INTO SOUSSOUSCATEGORIE(id_sous_categorie, id_sous_sous_categorie, nom_sous_sous_categorie) VALUES(403,40304,'Saucisses et assimilés');
INSERT INTO SOUSSOUSCATEGORIE(id_sous_categorie, id_sous_sous_categorie, nom_sous_sous_categorie) VALUES(403,40300,'Non spécialisable');
INSERT INTO SOUSSOUSCATEGORIE(id_sous_categorie, id_sous_sous_categorie, nom_sous_sous_categorie) VALUES(403,40305,'Pâtés et terrines');
INSERT INTO SOUSSOUSCATEGORIE(id_sous_categorie, id_sous_sous_categorie, nom_sous_sous_categorie) VALUES(403,40302,'Jambons secs et crus');
INSERT INTO SOUSSOUSCATEGORIE(id_sous_categorie, id_sous_sous_categorie, nom_sous_sous_categorie) VALUES(403,40301,'Jambons cuits');
INSERT INTO SOUSSOUSCATEGORIE(id_sous_categorie, id_sous_sous_categorie, nom_sous_sous_categorie) VALUES(402,40204,'Dinde');
INSERT INTO SOUSSOUSCATEGORIE(id_sous_categorie, id_sous_sous_categorie, nom_sous_sous_categorie) VALUES(401,40104,'Dinde casher');
INSERT INTO SOUSSOUSCATEGORIE(id_sous_categorie, id_sous_sous_categorie, nom_sous_sous_categorie) VALUES(401,40106,'Gibier casher');
INSERT INTO SOUSSOUSCATEGORIE(id_sous_categorie, id_sous_sous_categorie, nom_sous_sous_categorie) VALUES(410,41002,'Œufs crus');
INSERT INTO SOUSSOUSCATEGORIE(id_sous_categorie, id_sous_sous_categorie, nom_sous_sous_categorie) VALUES(410,41001,'Œufs cuits');
INSERT INTO SOUSSOUSCATEGORIE(id_sous_categorie, id_sous_sous_categorie, nom_sous_sous_categorie) VALUES(410,41003,'Omelettes et autres ovoproduits');
INSERT INTO SOUSSOUSCATEGORIE(id_sous_categorie, id_sous_sous_categorie, nom_sous_sous_categorie) VALUES(402,40202,'Porc cru');
INSERT INTO SOUSSOUSCATEGORIE(id_sous_categorie, id_sous_sous_categorie, nom_sous_sous_categorie) VALUES(401,40102,'Porc');
INSERT INTO SOUSSOUSCATEGORIE(id_sous_categorie, id_sous_sous_categorie, nom_sous_sous_categorie) VALUES(402,40203,'Poulet');
INSERT INTO SOUSSOUSCATEGORIE(id_sous_categorie, id_sous_sous_categorie, nom_sous_sous_categorie) VALUES(401,40103,'Poulet halal');
INSERT INTO SOUSSOUSCATEGORIE(id_sous_categorie, id_sous_sous_categorie, nom_sous_sous_categorie) VALUES(403,40309,'Substituts de charcuteries pour végétariens');
INSERT INTO SOUSSOUSCATEGORIE(id_sous_categorie, id_sous_sous_categorie, nom_sous_sous_categorie) VALUES(403,40307,'Quenelles');
INSERT INTO SOUSSOUSCATEGORIE(id_sous_categorie, id_sous_sous_categorie, nom_sous_sous_categorie) VALUES(403,40306,'Rillettes');
INSERT INTO SOUSSOUSCATEGORIE(id_sous_categorie, id_sous_sous_categorie, nom_sous_sous_categorie) VALUES(403,40303,'Saucisson secs');
INSERT INTO SOUSSOUSCATEGORIE(id_sous_categorie, id_sous_sous_categorie, nom_sous_sous_categorie) VALUES(401,40100,'Non spécialisable');
INSERT INTO SOUSSOUSCATEGORIE(id_sous_categorie, id_sous_sous_categorie, nom_sous_sous_categorie) VALUES(503,50303,'Fromages à pâte pressée');
INSERT INTO SOUSSOUSCATEGORIE(id_sous_categorie, id_sous_sous_categorie, nom_sous_sous_categorie) VALUES(503,50302,'Fromages à pâte persillée');
INSERT INTO SOUSSOUSCATEGORIE(id_sous_categorie, id_sous_sous_categorie, nom_sous_sous_categorie) VALUES(502,50201,'Yaourts et spécialités laitières type yaourt');
INSERT INTO SOUSSOUSCATEGORIE(id_sous_categorie, id_sous_sous_categorie, nom_sous_sous_categorie) VALUES(503,50301,'Fromages à pâte molle');
INSERT INTO SOUSSOUSCATEGORIE(id_sous_categorie, id_sous_sous_categorie, nom_sous_sous_categorie) VALUES(503,50304,'Fromage fondus');
INSERT INTO SOUSSOUSCATEGORIE(id_sous_categorie, id_sous_sous_categorie, nom_sous_sous_categorie) VALUES(502,50204,'Autres desserts');
INSERT INTO SOUSSOUSCATEGORIE(id_sous_categorie, id_sous_sous_categorie, nom_sous_sous_categorie) VALUES(502,50203,'Desserts lactés');
INSERT INTO SOUSSOUSCATEGORIE(id_sous_categorie, id_sous_sous_categorie, nom_sous_sous_categorie) VALUES(504,50400,'Non spécialisable');
INSERT INTO SOUSSOUSCATEGORIE(id_sous_categorie, id_sous_sous_categorie, nom_sous_sous_categorie) VALUES(502,50205,'Desserts végétaux');
INSERT INTO SOUSSOUSCATEGORIE(id_sous_categorie, id_sous_sous_categorie, nom_sous_sous_categorie) VALUES(502,50202,'Fromages blancs');
INSERT INTO SOUSSOUSCATEGORIE(id_sous_categorie, id_sous_sous_categorie, nom_sous_sous_categorie) VALUES(503,50305,'Autres fromages et spécialités');
INSERT INTO SOUSSOUSCATEGORIE(id_sous_categorie, id_sous_sous_categorie, nom_sous_sous_categorie) VALUES(503,50300,'Non spécialisable');
INSERT INTO SOUSSOUSCATEGORIE(id_sous_categorie, id_sous_sous_categorie, nom_sous_sous_categorie) VALUES(501,50101,'Laits de vaches liquides (non concentrés)');
INSERT INTO SOUSSOUSCATEGORIE(id_sous_categorie, id_sous_sous_categorie, nom_sous_sous_categorie) VALUES(501,50103,'Laits de vache concentrés ou en poudre');
INSERT INTO SOUSSOUSCATEGORIE(id_sous_categorie, id_sous_sous_categorie, nom_sous_sous_categorie) VALUES(501,50102,'Laits autres que de vache');
INSERT INTO SOUSSOUSCATEGORIE(id_sous_categorie, id_sous_sous_categorie, nom_sous_sous_categorie) VALUES(503,50306,'Substituts de fromages pour végétariens');
INSERT INTO SOUSSOUSCATEGORIE(id_sous_categorie, id_sous_sous_categorie, nom_sous_sous_categorie) VALUES(603,60303,'Liqueurs et alcools');
INSERT INTO SOUSSOUSCATEGORIE(id_sous_categorie, id_sous_sous_categorie, nom_sous_sous_categorie) VALUES(603,60302,'Bières et cidres');
INSERT INTO SOUSSOUSCATEGORIE(id_sous_categorie, id_sous_sous_categorie, nom_sous_sous_categorie) VALUES(602,60205,'Boissons végétales');
INSERT INTO SOUSSOUSCATEGORIE(id_sous_categorie, id_sous_sous_categorie, nom_sous_sous_categorie) VALUES(602,60203,'Boissons rafraîchissantes sans alcool');
INSERT INTO SOUSSOUSCATEGORIE(id_sous_categorie, id_sous_sous_categorie, nom_sous_sous_categorie) VALUES(602,60204,'Boissons rafraîchissantes lactées');
INSERT INTO SOUSSOUSCATEGORIE(id_sous_categorie, id_sous_sous_categorie, nom_sous_sous_categorie) VALUES(602,60206,'Café, thé, cacao etc. prêts à consommer');
INSERT INTO SOUSSOUSCATEGORIE(id_sous_categorie, id_sous_sous_categorie, nom_sous_sous_categorie) VALUES(602,60207,'Boissons à reconstituer');
INSERT INTO SOUSSOUSCATEGORIE(id_sous_categorie, id_sous_sous_categorie, nom_sous_sous_categorie) VALUES(603,60301,'Vins');
INSERT INTO SOUSSOUSCATEGORIE(id_sous_categorie, id_sous_sous_categorie, nom_sous_sous_categorie) VALUES(603,60304,'Cocktails');
INSERT INTO SOUSSOUSCATEGORIE(id_sous_categorie, id_sous_sous_categorie, nom_sous_sous_categorie) VALUES(601,60100,'Non spécialisable');
INSERT INTO SOUSSOUSCATEGORIE(id_sous_categorie, id_sous_sous_categorie, nom_sous_sous_categorie) VALUES(602,60201,'Jus');
INSERT INTO SOUSSOUSCATEGORIE(id_sous_categorie, id_sous_sous_categorie, nom_sous_sous_categorie) VALUES(602,60202,'Nectars');
INSERT INTO SOUSSOUSCATEGORIE(id_sous_categorie, id_sous_sous_categorie, nom_sous_sous_categorie) VALUES(709,70900,'Non spécialisable');
INSERT INTO SOUSSOUSCATEGORIE(id_sous_categorie, id_sous_sous_categorie, nom_sous_sous_categorie) VALUES(702,70200,'Non spécialisable');
INSERT INTO SOUSSOUSCATEGORIE(id_sous_categorie, id_sous_sous_categorie, nom_sous_sous_categorie) VALUES(706,70600,'Non spécialisable');
INSERT INTO SOUSSOUSCATEGORIE(id_sous_categorie, id_sous_sous_categorie, nom_sous_sous_categorie) VALUES(708,70800,'Non spécialisable');
INSERT INTO SOUSSOUSCATEGORIE(id_sous_categorie, id_sous_sous_categorie, nom_sous_sous_categorie) VALUES(707,70700,'Non spécialisable');
INSERT INTO SOUSSOUSCATEGORIE(id_sous_categorie, id_sous_sous_categorie, nom_sous_sous_categorie) VALUES(703,70300,'Non spécialisable');
INSERT INTO SOUSSOUSCATEGORIE(id_sous_categorie, id_sous_sous_categorie, nom_sous_sous_categorie) VALUES(705,70500,'Non spécialisable');
INSERT INTO SOUSSOUSCATEGORIE(id_sous_categorie, id_sous_sous_categorie, nom_sous_sous_categorie) VALUES(701,70100,'Non spécialisable');
INSERT INTO SOUSSOUSCATEGORIE(id_sous_categorie, id_sous_sous_categorie, nom_sous_sous_categorie) VALUES(704,70400,'Non spécialisable');
INSERT INTO SOUSSOUSCATEGORIE(id_sous_categorie, id_sous_sous_categorie, nom_sous_sous_categorie) VALUES(801,80100,'Non spécialisable');
INSERT INTO SOUSSOUSCATEGORIE(id_sous_categorie, id_sous_sous_categorie, nom_sous_sous_categorie) VALUES(803,80300,'Non spécialisable');
INSERT INTO SOUSSOUSCATEGORIE(id_sous_categorie, id_sous_sous_categorie, nom_sous_sous_categorie) VALUES(802,80200,'Non spécialisable');
INSERT INTO SOUSSOUSCATEGORIE(id_sous_categorie, id_sous_sous_categorie, nom_sous_sous_categorie) VALUES(901,90100,'Non spécialisable');
INSERT INTO SOUSSOUSCATEGORIE(id_sous_categorie, id_sous_sous_categorie, nom_sous_sous_categorie) VALUES(905,90500,'Non spécialisable');
INSERT INTO SOUSSOUSCATEGORIE(id_sous_categorie, id_sous_sous_categorie, nom_sous_sous_categorie) VALUES(902,90200,'Non spécialisable');
INSERT INTO SOUSSOUSCATEGORIE(id_sous_categorie, id_sous_sous_categorie, nom_sous_sous_categorie) VALUES(904,90400,'Non spécialisable');
INSERT INTO SOUSSOUSCATEGORIE(id_sous_categorie, id_sous_sous_categorie, nom_sous_sous_categorie) VALUES(903,90300,'Non spécialisable');
INSERT INTO SOUSSOUSCATEGORIE(id_sous_categorie, id_sous_sous_categorie, nom_sous_sous_categorie) VALUES(1007,100700,'Non spécialisable');
INSERT INTO SOUSSOUSCATEGORIE(id_sous_categorie, id_sous_sous_categorie, nom_sous_sous_categorie) VALUES(1006,100602,'Herbes séchées');
INSERT INTO SOUSSOUSCATEGORIE(id_sous_categorie, id_sous_sous_categorie, nom_sous_sous_categorie) VALUES(1006,100601,'Herbes fraîches');
INSERT INTO SOUSSOUSCATEGORIE(id_sous_categorie, id_sous_sous_categorie, nom_sous_sous_categorie) VALUES(1010,101000,'Non spécialisable');
INSERT INTO SOUSSOUSCATEGORIE(id_sous_categorie, id_sous_sous_categorie, nom_sous_sous_categorie) VALUES(1008,100800,'Non spécialisable');
INSERT INTO SOUSSOUSCATEGORIE(id_sous_categorie, id_sous_sous_categorie, nom_sous_sous_categorie) VALUES(1003,100300,'Non spécialisable');
INSERT INTO SOUSSOUSCATEGORIE(id_sous_categorie, id_sous_sous_categorie, nom_sous_sous_categorie) VALUES(1005,100500,'Non spécialisable');
INSERT INTO SOUSSOUSCATEGORIE(id_sous_categorie, id_sous_sous_categorie, nom_sous_sous_categorie) VALUES(1002,100200,'Non spécialisable');
INSERT INTO SOUSSOUSCATEGORIE(id_sous_categorie, id_sous_sous_categorie, nom_sous_sous_categorie) VALUES(1001,100101,'Sauces condimentaires');
INSERT INTO SOUSSOUSCATEGORIE(id_sous_categorie, id_sous_sous_categorie, nom_sous_sous_categorie) VALUES(1001,100102,'Sauces chaudes');
INSERT INTO SOUSSOUSCATEGORIE(id_sous_categorie, id_sous_sous_categorie, nom_sous_sous_categorie) VALUES(1001,100103,'Sauces sucrées');
INSERT INTO SOUSSOUSCATEGORIE(id_sous_categorie, id_sous_sous_categorie, nom_sous_sous_categorie) VALUES(1004,100400,'Non spécialisable');
INSERT INTO SOUSSOUSCATEGORIE(id_sous_categorie, id_sous_sous_categorie, nom_sous_sous_categorie) VALUES(1001,100100,'Non spécialisable');
INSERT INTO SOUSSOUSCATEGORIE(id_sous_categorie, id_sous_sous_categorie, nom_sous_sous_categorie) VALUES(1104,110400,'Non spécialisable');
INSERT INTO SOUSSOUSCATEGORIE(id_sous_categorie, id_sous_sous_categorie, nom_sous_sous_categorie) VALUES(1101,110100,'Non spécialisable');
INSERT INTO SOUSSOUSCATEGORIE(id_sous_categorie, id_sous_sous_categorie, nom_sous_sous_categorie) VALUES(1103,110300,'Non spécialisable');
INSERT INTO SOUSSOUSCATEGORIE(id_sous_categorie, id_sous_sous_categorie, nom_sous_sous_categorie) VALUES(1102,110200,'Non spécialisable');
