-- ---------------------------------------------------------------------------
-- ------------------------------- CATEGORIES -------------------------------
-- ---------------------------------------------------------------------------
INSERT INTO CATEGORIE(id_categorie, nom_categorie) VALUES(1,'entrées et plats composés');
INSERT INTO CATEGORIE(id_categorie, nom_categorie) VALUES(2,'fruits, légumes, légumineuses et oléagineux');
INSERT INTO CATEGORIE(id_categorie, nom_categorie) VALUES(3,'pâtes diverses, produits céréaliers');
INSERT INTO CATEGORIE(id_categorie, nom_categorie) VALUES(4,'viandes, œufs, poissons et assimilés');
INSERT INTO CATEGORIE(id_categorie, nom_categorie) VALUES(5,'produits laitiers et assimilés');
INSERT INTO CATEGORIE(id_categorie, nom_categorie) VALUES(6,'eaux et autres boissons');
INSERT INTO CATEGORIE(id_categorie, nom_categorie) VALUES(7,'produits sucrés');
INSERT INTO CATEGORIE(id_categorie, nom_categorie) VALUES(8,'glaces et sorbets');
INSERT INTO CATEGORIE(id_categorie, nom_categorie) VALUES(9,'matières grasses');
INSERT INTO CATEGORIE(id_categorie, nom_categorie) VALUES(10,'aides culinaires et ingrédients divers');
INSERT INTO CATEGORIE(id_categorie, nom_categorie) VALUES(11,'aliments infantiles');
-- ---------------------------------------------------------------------------
-- ---------------------------- CHILD CATEGORIES ----------------------------
-- ---------------------------------------------------------------------------
INSERT INTO SOUSCATEGORIE(id_categorie, id_sous_categorie, nom_sous_categorie) VALUES(1,103,'plats composés');
INSERT INTO SOUSCATEGORIE(id_categorie, id_sous_categorie, nom_sous_categorie) VALUES(1,106,'feuilletées et autres entrées');
INSERT INTO SOUSCATEGORIE(id_categorie, id_sous_categorie, nom_sous_categorie) VALUES(1,102,'soupes');
INSERT INTO SOUSCATEGORIE(id_categorie, id_sous_categorie, nom_sous_categorie) VALUES(1,105,'sandwichs');
INSERT INTO SOUSCATEGORIE(id_categorie, id_sous_categorie, nom_sous_categorie) VALUES(1,104,'pizzas, tartes et crêpes salées');
INSERT INTO SOUSCATEGORIE(id_categorie, id_sous_categorie, nom_sous_categorie) VALUES(1,101,'salades composées et crudités');
INSERT INTO SOUSCATEGORIE(id_categorie, id_sous_categorie, nom_sous_categorie) VALUES(2,204,'fruits');
INSERT INTO SOUSCATEGORIE(id_categorie, id_sous_categorie, nom_sous_categorie) VALUES(2,205,'fruits à coque et graines oléagineuses');
INSERT INTO SOUSCATEGORIE(id_categorie, id_sous_categorie, nom_sous_categorie) VALUES(2,201,'légumes');
INSERT INTO SOUSCATEGORIE(id_categorie, id_sous_categorie, nom_sous_categorie) VALUES(2,202,'pommes de terre et autres tubercules');
INSERT INTO SOUSCATEGORIE(id_categorie, id_sous_categorie, nom_sous_categorie) VALUES(2,203,'légumineuses');
INSERT INTO SOUSCATEGORIE(id_categorie, id_sous_categorie, nom_sous_categorie) VALUES(3,301,'pâtes, riz et céréales');
INSERT INTO SOUSCATEGORIE(id_categorie, id_sous_categorie, nom_sous_categorie) VALUES(3,305,'pates et farines');
INSERT INTO SOUSCATEGORIE(id_categorie, id_sous_categorie, nom_sous_categorie) VALUES(3,302,'pains et assimilés');
INSERT INTO SOUSCATEGORIE(id_categorie, id_sous_categorie, nom_sous_categorie) VALUES(3,303,'biscuits apéritifs');
INSERT INTO SOUSCATEGORIE(id_categorie, id_sous_categorie, nom_sous_categorie) VALUES(4,401,'viandes cuites');
INSERT INTO SOUSCATEGORIE(id_categorie, id_sous_categorie, nom_sous_categorie) VALUES(4,409,'produits à base de poissons et produits de la mer');
INSERT INTO SOUSCATEGORIE(id_categorie, id_sous_categorie, nom_sous_categorie) VALUES(4,402,'viandes crues');
INSERT INTO SOUSCATEGORIE(id_categorie, id_sous_categorie, nom_sous_categorie) VALUES(4,406,'poissons crus');
INSERT INTO SOUSCATEGORIE(id_categorie, id_sous_categorie, nom_sous_categorie) VALUES(4,403,'charcuteries et assimilés');
INSERT INTO SOUSCATEGORIE(id_categorie, id_sous_categorie, nom_sous_categorie) VALUES(4,405,'poissons cuits');
INSERT INTO SOUSCATEGORIE(id_categorie, id_sous_categorie, nom_sous_categorie) VALUES(4,407,'mollusques et crustacés cuits');
INSERT INTO SOUSCATEGORIE(id_categorie, id_sous_categorie, nom_sous_categorie) VALUES(4,404,'autres produits à base de viande');
INSERT INTO SOUSCATEGORIE(id_categorie, id_sous_categorie, nom_sous_categorie) VALUES(4,411,'substitus de produits carnés');
INSERT INTO SOUSCATEGORIE(id_categorie, id_sous_categorie, nom_sous_categorie) VALUES(4,408,'mollusques et crustacés crus');
INSERT INTO SOUSCATEGORIE(id_categorie, id_sous_categorie, nom_sous_categorie) VALUES(4,410,'œufs');
INSERT INTO SOUSCATEGORIE(id_categorie, id_sous_categorie, nom_sous_categorie) VALUES(5,503,'fromages et assimilés');
INSERT INTO SOUSCATEGORIE(id_categorie, id_sous_categorie, nom_sous_categorie) VALUES(5,502,'produits laitiers frais et assimilés');
INSERT INTO SOUSCATEGORIE(id_categorie, id_sous_categorie, nom_sous_categorie) VALUES(5,504,'crèmes et spécialités à base de crème');
INSERT INTO SOUSCATEGORIE(id_categorie, id_sous_categorie, nom_sous_categorie) VALUES(5,501,'laits');
INSERT INTO SOUSCATEGORIE(id_categorie, id_sous_categorie, nom_sous_categorie) VALUES(6,603,'boisson alcoolisées');
INSERT INTO SOUSCATEGORIE(id_categorie, id_sous_categorie, nom_sous_categorie) VALUES(6,602,'boissons sans alcool');
INSERT INTO SOUSCATEGORIE(id_categorie, id_sous_categorie, nom_sous_categorie) VALUES(6,601,'eaux');
INSERT INTO SOUSCATEGORIE(id_categorie, id_sous_categorie, nom_sous_categorie) VALUES(7,709,'gâteaux et pâtisseries');
INSERT INTO SOUSCATEGORIE(id_categorie, id_sous_categorie, nom_sous_categorie) VALUES(7,702,'chocolats et produits à base de chocolat');
INSERT INTO SOUSCATEGORIE(id_categorie, id_sous_categorie, nom_sous_categorie) VALUES(7,706,'biscuits sucrés');
INSERT INTO SOUSCATEGORIE(id_categorie, id_sous_categorie, nom_sous_categorie) VALUES(7,708,'barres céréalières');
INSERT INTO SOUSCATEGORIE(id_categorie, id_sous_categorie, nom_sous_categorie) VALUES(7,707,'céréales de petit-déjeuner');
INSERT INTO SOUSCATEGORIE(id_categorie, id_sous_categorie, nom_sous_categorie) VALUES(7,703,'confiseries non chocolatées');
INSERT INTO SOUSCATEGORIE(id_categorie, id_sous_categorie, nom_sous_categorie) VALUES(7,705,'viennoiseries');
INSERT INTO SOUSCATEGORIE(id_categorie, id_sous_categorie, nom_sous_categorie) VALUES(7,701,'sucres, miels et assimilés');
INSERT INTO SOUSCATEGORIE(id_categorie, id_sous_categorie, nom_sous_categorie) VALUES(7,704,'confitures et assimilés');
INSERT INTO SOUSCATEGORIE(id_categorie, id_sous_categorie, nom_sous_categorie) VALUES(8,801,'glaces');
INSERT INTO SOUSCATEGORIE(id_categorie, id_sous_categorie, nom_sous_categorie) VALUES(8,803,'desserts glacés');
INSERT INTO SOUSCATEGORIE(id_categorie, id_sous_categorie, nom_sous_categorie) VALUES(8,802,'sorbets');
INSERT INTO SOUSCATEGORIE(id_categorie, id_sous_categorie, nom_sous_categorie) VALUES(9,901,'beurres');
INSERT INTO SOUSCATEGORIE(id_categorie, id_sous_categorie, nom_sous_categorie) VALUES(9,905,'autres matières grasses');
INSERT INTO SOUSCATEGORIE(id_categorie, id_sous_categorie, nom_sous_categorie) VALUES(9,902,'huiles et graisses végétales');
INSERT INTO SOUSCATEGORIE(id_categorie, id_sous_categorie, nom_sous_categorie) VALUES(9,904,'huiles de poissons');
INSERT INTO SOUSCATEGORIE(id_categorie, id_sous_categorie, nom_sous_categorie) VALUES(9,903,'margarines');
INSERT INTO SOUSCATEGORIE(id_categorie, id_sous_categorie, nom_sous_categorie) VALUES(10,1007,'algues');
INSERT INTO SOUSCATEGORIE(id_categorie, id_sous_categorie, nom_sous_categorie) VALUES(10,1006,'herbes');
INSERT INTO SOUSCATEGORIE(id_categorie, id_sous_categorie, nom_sous_categorie) VALUES(10,1010,'ingrédients divers');
INSERT INTO SOUSCATEGORIE(id_categorie, id_sous_categorie, nom_sous_categorie) VALUES(10,1008,'denrées destinées à une alimentation particulière');
INSERT INTO SOUSCATEGORIE(id_categorie, id_sous_categorie, nom_sous_categorie) VALUES(10,1003,'aides culinaires');
INSERT INTO SOUSCATEGORIE(id_categorie, id_sous_categorie, nom_sous_categorie) VALUES(10,1005,'épices');
INSERT INTO SOUSCATEGORIE(id_categorie, id_sous_categorie, nom_sous_categorie) VALUES(10,1002,'condiments');
INSERT INTO SOUSCATEGORIE(id_categorie, id_sous_categorie, nom_sous_categorie) VALUES(10,1001,'sauces');
INSERT INTO SOUSCATEGORIE(id_categorie, id_sous_categorie, nom_sous_categorie) VALUES(10,1004,'sels');
INSERT INTO SOUSCATEGORIE(id_categorie, id_sous_categorie, nom_sous_categorie) VALUES(11,1104,'céréales et biscuits infantiles');
INSERT INTO SOUSCATEGORIE(id_categorie, id_sous_categorie, nom_sous_categorie) VALUES(11,1101,'laits et boissons infantiles');
INSERT INTO SOUSCATEGORIE(id_categorie, id_sous_categorie, nom_sous_categorie) VALUES(11,1103,'desserts infantiles');
INSERT INTO SOUSCATEGORIE(id_categorie, id_sous_categorie, nom_sous_categorie) VALUES(11,1102,'petits pots salés et plats infantiles');
-- ---------------------------------------------------------------------------
-- ------------------------- CHILD CHILD CATEGORIES -------------------------
-- ---------------------------------------------------------------------------
INSERT INTO SOUSSOUSCATEGORIE(id_sous_categorie, id_sous_sous_categorie, nom_sous_sous_categorie) VALUES(103,10308,'plats de fromage');
INSERT INTO SOUSSOUSCATEGORIE(id_sous_categorie, id_sous_sous_categorie, nom_sous_sous_categorie) VALUES(103,10309,'plats végétariens');
INSERT INTO SOUSSOUSCATEGORIE(id_sous_categorie, id_sous_sous_categorie, nom_sous_sous_categorie) VALUES(103,10306,'plats de légumes/légumineuses');
INSERT INTO SOUSSOUSCATEGORIE(id_sous_categorie, id_sous_sous_categorie, nom_sous_sous_categorie) VALUES(106,10600,'Non spécialisable');
INSERT INTO SOUSSOUSCATEGORIE(id_sous_categorie, id_sous_sous_categorie, nom_sous_sous_categorie) VALUES(103,10301,'plats de viande sans garniture');
INSERT INTO SOUSSOUSCATEGORIE(id_sous_categorie, id_sous_sous_categorie, nom_sous_sous_categorie) VALUES(103,10307,'plats de céréales/pâtes');
INSERT INTO SOUSSOUSCATEGORIE(id_sous_categorie, id_sous_sous_categorie, nom_sous_sous_categorie) VALUES(103,10303,'plats de viande et légumes/légumineuses');
INSERT INTO SOUSSOUSCATEGORIE(id_sous_categorie, id_sous_sous_categorie, nom_sous_sous_categorie) VALUES(102,10200,'Non spécialisable');
INSERT INTO SOUSSOUSCATEGORIE(id_sous_categorie, id_sous_sous_categorie, nom_sous_sous_categorie) VALUES(103,10304,'plats de poisson sans garniture');
INSERT INTO SOUSSOUSCATEGORIE(id_sous_categorie, id_sous_sous_categorie, nom_sous_sous_categorie) VALUES(105,10500,'Non spécialisable');
INSERT INTO SOUSSOUSCATEGORIE(id_sous_categorie, id_sous_sous_categorie, nom_sous_sous_categorie) VALUES(104,10400,'Non spécialisable');
INSERT INTO SOUSSOUSCATEGORIE(id_sous_categorie, id_sous_sous_categorie, nom_sous_sous_categorie) VALUES(101,10100,'Non spécialisable');
INSERT INTO SOUSSOUSCATEGORIE(id_sous_categorie, id_sous_sous_categorie, nom_sous_sous_categorie) VALUES(103,10302,'plats de viande et féculents');
INSERT INTO SOUSSOUSCATEGORIE(id_sous_categorie, id_sous_sous_categorie, nom_sous_sous_categorie) VALUES(103,10305,'plats de poisson et féculents');
INSERT INTO SOUSSOUSCATEGORIE(id_sous_categorie, id_sous_sous_categorie, nom_sous_sous_categorie) VALUES(204,20403,'fruits appertisés');
INSERT INTO SOUSSOUSCATEGORIE(id_sous_categorie, id_sous_sous_categorie, nom_sous_sous_categorie) VALUES(204,20405,'fruits et leurs produits de la Martinique');
INSERT INTO SOUSSOUSCATEGORIE(id_sous_categorie, id_sous_sous_categorie, nom_sous_sous_categorie) VALUES(204,20401,'fruits crus');
INSERT INTO SOUSSOUSCATEGORIE(id_sous_categorie, id_sous_sous_categorie, nom_sous_sous_categorie) VALUES(204,20404,'fruits séchés');
INSERT INTO SOUSSOUSCATEGORIE(id_sous_categorie, id_sous_sous_categorie, nom_sous_sous_categorie) VALUES(205,20500,'Non spécialisable');
INSERT INTO SOUSSOUSCATEGORIE(id_sous_categorie, id_sous_sous_categorie, nom_sous_sous_categorie) VALUES(204,20406,'fruits et leurs produits de la Réunion');
INSERT INTO SOUSSOUSCATEGORIE(id_sous_categorie, id_sous_sous_categorie, nom_sous_sous_categorie) VALUES(201,20102,'légumes cuits');
INSERT INTO SOUSSOUSCATEGORIE(id_sous_categorie, id_sous_sous_categorie, nom_sous_sous_categorie) VALUES(201,20101,'légumes crus');
INSERT INTO SOUSSOUSCATEGORIE(id_sous_categorie, id_sous_sous_categorie, nom_sous_sous_categorie) VALUES(201,20104,'légumes et leurs produits de la Martinique');
INSERT INTO SOUSSOUSCATEGORIE(id_sous_categorie, id_sous_sous_categorie, nom_sous_sous_categorie) VALUES(202,20200,'Non spécialisable');
INSERT INTO SOUSSOUSCATEGORIE(id_sous_categorie, id_sous_sous_categorie, nom_sous_sous_categorie) VALUES(201,20105,'légumes et leurs produits de la Réunion');
INSERT INTO SOUSSOUSCATEGORIE(id_sous_categorie, id_sous_sous_categorie, nom_sous_sous_categorie) VALUES(201,20103,'légumes séchés ou déshydratés');
INSERT INTO SOUSSOUSCATEGORIE(id_sous_categorie, id_sous_sous_categorie, nom_sous_sous_categorie) VALUES(204,20402,'compotes et assimilés');
INSERT INTO SOUSSOUSCATEGORIE(id_sous_categorie, id_sous_sous_categorie, nom_sous_sous_categorie) VALUES(203,20302,'légumineuses fraîches');
INSERT INTO SOUSSOUSCATEGORIE(id_sous_categorie, id_sous_sous_categorie, nom_sous_sous_categorie) VALUES(203,20301,'légumineuses cuites');
INSERT INTO SOUSSOUSCATEGORIE(id_sous_categorie, id_sous_sous_categorie, nom_sous_sous_categorie) VALUES(203,20303,'légumineuses sèches');
INSERT INTO SOUSSOUSCATEGORIE(id_sous_categorie, id_sous_sous_categorie, nom_sous_sous_categorie) VALUES(301,30102,'pâtes, riz et céréales crus');
INSERT INTO SOUSSOUSCATEGORIE(id_sous_categorie, id_sous_sous_categorie, nom_sous_sous_categorie) VALUES(305,30501,'farines');
INSERT INTO SOUSSOUSCATEGORIE(id_sous_categorie, id_sous_sous_categorie, nom_sous_sous_categorie) VALUES(302,30201,'pains');
INSERT INTO SOUSSOUSCATEGORIE(id_sous_categorie, id_sous_sous_categorie, nom_sous_sous_categorie) VALUES(302,30202,'biscottes et pains grillés');
INSERT INTO SOUSSOUSCATEGORIE(id_sous_categorie, id_sous_sous_categorie, nom_sous_sous_categorie) VALUES(303,30300,'Non spécialisable');
INSERT INTO SOUSSOUSCATEGORIE(id_sous_categorie, id_sous_sous_categorie, nom_sous_sous_categorie) VALUES(301,30101,'pâtes, riz et céréales cuits');
INSERT INTO SOUSSOUSCATEGORIE(id_sous_categorie, id_sous_sous_categorie, nom_sous_sous_categorie) VALUES(305,30502,'pâtes');
INSERT INTO SOUSSOUSCATEGORIE(id_sous_categorie, id_sous_sous_categorie, nom_sous_sous_categorie) VALUES(409,40900,'Non spécialisable');
INSERT INTO SOUSSOUSCATEGORIE(id_sous_categorie, id_sous_sous_categorie, nom_sous_sous_categorie) VALUES(401,40105,'agneau et mouton casher');
INSERT INTO SOUSSOUSCATEGORIE(id_sous_categorie, id_sous_sous_categorie, nom_sous_sous_categorie) VALUES(402,40205,'agneau et mouton');
INSERT INTO SOUSSOUSCATEGORIE(id_sous_categorie, id_sous_sous_categorie, nom_sous_sous_categorie) VALUES(406,40600,'Non spécialisable');
INSERT INTO SOUSSOUSCATEGORIE(id_sous_categorie, id_sous_sous_categorie, nom_sous_sous_categorie) VALUES(403,40308,'autres spécialités charcutières');
INSERT INTO SOUSSOUSCATEGORIE(id_sous_categorie, id_sous_sous_categorie, nom_sous_sous_categorie) VALUES(405,40500,'Non spécialisable');
INSERT INTO SOUSSOUSCATEGORIE(id_sous_categorie, id_sous_sous_categorie, nom_sous_sous_categorie) VALUES(407,40700,'Non spécialisable');
INSERT INTO SOUSSOUSCATEGORIE(id_sous_categorie, id_sous_sous_categorie, nom_sous_sous_categorie) VALUES(401,40107,'autres viandes');
INSERT INTO SOUSSOUSCATEGORIE(id_sous_categorie, id_sous_sous_categorie, nom_sous_sous_categorie) VALUES(402,40201,'bœuf et veau');
INSERT INTO SOUSSOUSCATEGORIE(id_sous_categorie, id_sous_sous_categorie, nom_sous_sous_categorie) VALUES(404,40400,'Non spécialisable');
INSERT INTO SOUSSOUSCATEGORIE(id_sous_categorie, id_sous_sous_categorie, nom_sous_sous_categorie) VALUES(401,40101,'bœuf et veau halal');
INSERT INTO SOUSSOUSCATEGORIE(id_sous_categorie, id_sous_sous_categorie, nom_sous_sous_categorie) VALUES(411,41100,'Non spécialisable');
INSERT INTO SOUSSOUSCATEGORIE(id_sous_categorie, id_sous_sous_categorie, nom_sous_sous_categorie) VALUES(408,40800,'Non spécialisable');
INSERT INTO SOUSSOUSCATEGORIE(id_sous_categorie, id_sous_sous_categorie, nom_sous_sous_categorie) VALUES(402,40207,'autres viandes casher');
INSERT INTO SOUSSOUSCATEGORIE(id_sous_categorie, id_sous_sous_categorie, nom_sous_sous_categorie) VALUES(402,40206,'gibier');
INSERT INTO SOUSSOUSCATEGORIE(id_sous_categorie, id_sous_sous_categorie, nom_sous_sous_categorie) VALUES(402,40208,'abats');
INSERT INTO SOUSSOUSCATEGORIE(id_sous_categorie, id_sous_sous_categorie, nom_sous_sous_categorie) VALUES(401,40108,'abats halal');
INSERT INTO SOUSSOUSCATEGORIE(id_sous_categorie, id_sous_sous_categorie, nom_sous_sous_categorie) VALUES(403,40304,'saucisses et assimilés');
INSERT INTO SOUSSOUSCATEGORIE(id_sous_categorie, id_sous_sous_categorie, nom_sous_sous_categorie) VALUES(403,40300,'Non spécialisable');
INSERT INTO SOUSSOUSCATEGORIE(id_sous_categorie, id_sous_sous_categorie, nom_sous_sous_categorie) VALUES(403,40305,'pâtés et terrines');
INSERT INTO SOUSSOUSCATEGORIE(id_sous_categorie, id_sous_sous_categorie, nom_sous_sous_categorie) VALUES(403,40302,'jambons secs et crus');
INSERT INTO SOUSSOUSCATEGORIE(id_sous_categorie, id_sous_sous_categorie, nom_sous_sous_categorie) VALUES(403,40301,'jambons cuits');
INSERT INTO SOUSSOUSCATEGORIE(id_sous_categorie, id_sous_sous_categorie, nom_sous_sous_categorie) VALUES(402,40204,'dinde');
INSERT INTO SOUSSOUSCATEGORIE(id_sous_categorie, id_sous_sous_categorie, nom_sous_sous_categorie) VALUES(401,40104,'dinde casher');
INSERT INTO SOUSSOUSCATEGORIE(id_sous_categorie, id_sous_sous_categorie, nom_sous_sous_categorie) VALUES(401,40106,'gibier casher');
INSERT INTO SOUSSOUSCATEGORIE(id_sous_categorie, id_sous_sous_categorie, nom_sous_sous_categorie) VALUES(410,41002,'œufs crus');
INSERT INTO SOUSSOUSCATEGORIE(id_sous_categorie, id_sous_sous_categorie, nom_sous_sous_categorie) VALUES(410,41001,'œufs cuits');
INSERT INTO SOUSSOUSCATEGORIE(id_sous_categorie, id_sous_sous_categorie, nom_sous_sous_categorie) VALUES(410,41003,'omelettes et autres ovoproduits');
INSERT INTO SOUSSOUSCATEGORIE(id_sous_categorie, id_sous_sous_categorie, nom_sous_sous_categorie) VALUES(402,40202,'porc cru');
INSERT INTO SOUSSOUSCATEGORIE(id_sous_categorie, id_sous_sous_categorie, nom_sous_sous_categorie) VALUES(401,40102,'porc');
INSERT INTO SOUSSOUSCATEGORIE(id_sous_categorie, id_sous_sous_categorie, nom_sous_sous_categorie) VALUES(402,40203,'poulet');
INSERT INTO SOUSSOUSCATEGORIE(id_sous_categorie, id_sous_sous_categorie, nom_sous_sous_categorie) VALUES(401,40103,'poulet halal');
INSERT INTO SOUSSOUSCATEGORIE(id_sous_categorie, id_sous_sous_categorie, nom_sous_sous_categorie) VALUES(403,40309,'substituts de charcuteries pour végétariens');
INSERT INTO SOUSSOUSCATEGORIE(id_sous_categorie, id_sous_sous_categorie, nom_sous_sous_categorie) VALUES(403,40307,'quenelles');
INSERT INTO SOUSSOUSCATEGORIE(id_sous_categorie, id_sous_sous_categorie, nom_sous_sous_categorie) VALUES(403,40306,'rillettes');
INSERT INTO SOUSSOUSCATEGORIE(id_sous_categorie, id_sous_sous_categorie, nom_sous_sous_categorie) VALUES(403,40303,'saucisson secs');
INSERT INTO SOUSSOUSCATEGORIE(id_sous_categorie, id_sous_sous_categorie, nom_sous_sous_categorie) VALUES(401,40100,'Non spécialisable');
INSERT INTO SOUSSOUSCATEGORIE(id_sous_categorie, id_sous_sous_categorie, nom_sous_sous_categorie) VALUES(503,50303,'fromages à pâte pressée');
INSERT INTO SOUSSOUSCATEGORIE(id_sous_categorie, id_sous_sous_categorie, nom_sous_sous_categorie) VALUES(503,50302,'fromages à pâte persillée');
INSERT INTO SOUSSOUSCATEGORIE(id_sous_categorie, id_sous_sous_categorie, nom_sous_sous_categorie) VALUES(502,50201,'yaourts et spécialités laitières type yaourt');
INSERT INTO SOUSSOUSCATEGORIE(id_sous_categorie, id_sous_sous_categorie, nom_sous_sous_categorie) VALUES(503,50301,'fromages à pâte molle');
INSERT INTO SOUSSOUSCATEGORIE(id_sous_categorie, id_sous_sous_categorie, nom_sous_sous_categorie) VALUES(503,50304,'fromage fondus');
INSERT INTO SOUSSOUSCATEGORIE(id_sous_categorie, id_sous_sous_categorie, nom_sous_sous_categorie) VALUES(502,50204,'autres desserts');
INSERT INTO SOUSSOUSCATEGORIE(id_sous_categorie, id_sous_sous_categorie, nom_sous_sous_categorie) VALUES(502,50203,'desserts lactés');
INSERT INTO SOUSSOUSCATEGORIE(id_sous_categorie, id_sous_sous_categorie, nom_sous_sous_categorie) VALUES(504,50400,'Non spécialisable');
INSERT INTO SOUSSOUSCATEGORIE(id_sous_categorie, id_sous_sous_categorie, nom_sous_sous_categorie) VALUES(502,50205,'desserts végétaux');
INSERT INTO SOUSSOUSCATEGORIE(id_sous_categorie, id_sous_sous_categorie, nom_sous_sous_categorie) VALUES(502,50202,'fromages blancs');
INSERT INTO SOUSSOUSCATEGORIE(id_sous_categorie, id_sous_sous_categorie, nom_sous_sous_categorie) VALUES(503,50305,'autres fromages et spécialités');
INSERT INTO SOUSSOUSCATEGORIE(id_sous_categorie, id_sous_sous_categorie, nom_sous_sous_categorie) VALUES(503,50300,'Non spécialisable');
INSERT INTO SOUSSOUSCATEGORIE(id_sous_categorie, id_sous_sous_categorie, nom_sous_sous_categorie) VALUES(501,50101,'laits de vaches liquides (non concentrés)');
INSERT INTO SOUSSOUSCATEGORIE(id_sous_categorie, id_sous_sous_categorie, nom_sous_sous_categorie) VALUES(501,50103,'laits de vache concentrés ou en poudre');
INSERT INTO SOUSSOUSCATEGORIE(id_sous_categorie, id_sous_sous_categorie, nom_sous_sous_categorie) VALUES(501,50102,'laits autres que de vache');
INSERT INTO SOUSSOUSCATEGORIE(id_sous_categorie, id_sous_sous_categorie, nom_sous_sous_categorie) VALUES(503,50306,'substituts de fromages pour végétariens');
INSERT INTO SOUSSOUSCATEGORIE(id_sous_categorie, id_sous_sous_categorie, nom_sous_sous_categorie) VALUES(603,60303,'liqueurs et alcools');
INSERT INTO SOUSSOUSCATEGORIE(id_sous_categorie, id_sous_sous_categorie, nom_sous_sous_categorie) VALUES(603,60302,'bières et cidres');
INSERT INTO SOUSSOUSCATEGORIE(id_sous_categorie, id_sous_sous_categorie, nom_sous_sous_categorie) VALUES(602,60205,'boissons végétales');
INSERT INTO SOUSSOUSCATEGORIE(id_sous_categorie, id_sous_sous_categorie, nom_sous_sous_categorie) VALUES(602,60203,'boissons rafraîchissantes sans alcool');
INSERT INTO SOUSSOUSCATEGORIE(id_sous_categorie, id_sous_sous_categorie, nom_sous_sous_categorie) VALUES(602,60204,'boissons rafraîchissantes lactées');
INSERT INTO SOUSSOUSCATEGORIE(id_sous_categorie, id_sous_sous_categorie, nom_sous_sous_categorie) VALUES(602,60206,'café, thé, cacao etc. prêts à consommer');
INSERT INTO SOUSSOUSCATEGORIE(id_sous_categorie, id_sous_sous_categorie, nom_sous_sous_categorie) VALUES(602,60207,'boissons à reconstituer');
INSERT INTO SOUSSOUSCATEGORIE(id_sous_categorie, id_sous_sous_categorie, nom_sous_sous_categorie) VALUES(603,60301,'vins');
INSERT INTO SOUSSOUSCATEGORIE(id_sous_categorie, id_sous_sous_categorie, nom_sous_sous_categorie) VALUES(603,60304,'cocktails');
INSERT INTO SOUSSOUSCATEGORIE(id_sous_categorie, id_sous_sous_categorie, nom_sous_sous_categorie) VALUES(601,60100,'Non spécialisable');
INSERT INTO SOUSSOUSCATEGORIE(id_sous_categorie, id_sous_sous_categorie, nom_sous_sous_categorie) VALUES(602,60201,'jus');
INSERT INTO SOUSSOUSCATEGORIE(id_sous_categorie, id_sous_sous_categorie, nom_sous_sous_categorie) VALUES(602,60202,'nectars');
INSERT INTO SOUSSOUSCATEGORIE(id_sous_categorie, id_sous_sous_categorie, nom_sous_sous_categorie) VALUES(709,70900,'Non spécialisable');
INSERT INTO SOUSSOUSCATEGORIE(id_sous_categorie, id_sous_sous_categorie, nom_sous_sous_categorie) VALUES(702,70200,'Non spécialisable');
INSERT INTO SOUSSOUSCATEGORIE(id_sous_categorie, id_sous_sous_categorie, nom_sous_sous_categorie) VALUES(706,70600,'Non spécialisable');
INSERT INTO SOUSSOUSCATEGORIE(id_sous_categorie, id_sous_sous_categorie, nom_sous_sous_categorie) VALUES(708,70800,'Non spécialisable');
INSERT INTO SOUSSOUSCATEGORIE(id_sous_categorie, id_sous_sous_categorie, nom_sous_sous_categorie) VALUES(707,70700,'Non spécialisable');
INSERT INTO SOUSSOUSCATEGORIE(id_sous_categorie, id_sous_sous_categorie, nom_sous_sous_categorie) VALUES(703,70300,'Non spécialisable');
INSERT INTO SOUSSOUSCATEGORIE(id_sous_categorie, id_sous_sous_categorie, nom_sous_sous_categorie) VALUES(705,70500,'Non spécialisable');
INSERT INTO SOUSSOUSCATEGORIE(id_sous_categorie, id_sous_sous_categorie, nom_sous_sous_categorie) VALUES(701,70100,'Non spécialisable');
INSERT INTO SOUSSOUSCATEGORIE(id_sous_categorie, id_sous_sous_categorie, nom_sous_sous_categorie) VALUES(704,70400,'Non spécialisable');
INSERT INTO SOUSSOUSCATEGORIE(id_sous_categorie, id_sous_sous_categorie, nom_sous_sous_categorie) VALUES(801,80100,'Non spécialisable');
INSERT INTO SOUSSOUSCATEGORIE(id_sous_categorie, id_sous_sous_categorie, nom_sous_sous_categorie) VALUES(803,80300,'Non spécialisable');
INSERT INTO SOUSSOUSCATEGORIE(id_sous_categorie, id_sous_sous_categorie, nom_sous_sous_categorie) VALUES(802,80200,'Non spécialisable');
INSERT INTO SOUSSOUSCATEGORIE(id_sous_categorie, id_sous_sous_categorie, nom_sous_sous_categorie) VALUES(901,90100,'Non spécialisable');
INSERT INTO SOUSSOUSCATEGORIE(id_sous_categorie, id_sous_sous_categorie, nom_sous_sous_categorie) VALUES(905,90500,'Non spécialisable');
INSERT INTO SOUSSOUSCATEGORIE(id_sous_categorie, id_sous_sous_categorie, nom_sous_sous_categorie) VALUES(902,90200,'Non spécialisable');
INSERT INTO SOUSSOUSCATEGORIE(id_sous_categorie, id_sous_sous_categorie, nom_sous_sous_categorie) VALUES(904,90400,'Non spécialisable');
INSERT INTO SOUSSOUSCATEGORIE(id_sous_categorie, id_sous_sous_categorie, nom_sous_sous_categorie) VALUES(903,90300,'Non spécialisable');
INSERT INTO SOUSSOUSCATEGORIE(id_sous_categorie, id_sous_sous_categorie, nom_sous_sous_categorie) VALUES(1007,100700,'Non spécialisable');
INSERT INTO SOUSSOUSCATEGORIE(id_sous_categorie, id_sous_sous_categorie, nom_sous_sous_categorie) VALUES(1006,100602,'herbes séchées');
INSERT INTO SOUSSOUSCATEGORIE(id_sous_categorie, id_sous_sous_categorie, nom_sous_sous_categorie) VALUES(1006,100601,'herbes fraîches');
INSERT INTO SOUSSOUSCATEGORIE(id_sous_categorie, id_sous_sous_categorie, nom_sous_sous_categorie) VALUES(1010,101000,'Non spécialisable');
INSERT INTO SOUSSOUSCATEGORIE(id_sous_categorie, id_sous_sous_categorie, nom_sous_sous_categorie) VALUES(1008,100800,'Non spécialisable');
INSERT INTO SOUSSOUSCATEGORIE(id_sous_categorie, id_sous_sous_categorie, nom_sous_sous_categorie) VALUES(1003,100300,'Non spécialisable');
INSERT INTO SOUSSOUSCATEGORIE(id_sous_categorie, id_sous_sous_categorie, nom_sous_sous_categorie) VALUES(1005,100500,'Non spécialisable');
INSERT INTO SOUSSOUSCATEGORIE(id_sous_categorie, id_sous_sous_categorie, nom_sous_sous_categorie) VALUES(1002,100200,'Non spécialisable');
INSERT INTO SOUSSOUSCATEGORIE(id_sous_categorie, id_sous_sous_categorie, nom_sous_sous_categorie) VALUES(1001,100101,'sauces condimentaires');
INSERT INTO SOUSSOUSCATEGORIE(id_sous_categorie, id_sous_sous_categorie, nom_sous_sous_categorie) VALUES(1001,100102,'sauces chaudes');
INSERT INTO SOUSSOUSCATEGORIE(id_sous_categorie, id_sous_sous_categorie, nom_sous_sous_categorie) VALUES(1001,100103,'sauces sucrées');
INSERT INTO SOUSSOUSCATEGORIE(id_sous_categorie, id_sous_sous_categorie, nom_sous_sous_categorie) VALUES(1004,100400,'Non spécialisable');
INSERT INTO SOUSSOUSCATEGORIE(id_sous_categorie, id_sous_sous_categorie, nom_sous_sous_categorie) VALUES(1001,100100,'Non spécialisable');
INSERT INTO SOUSSOUSCATEGORIE(id_sous_categorie, id_sous_sous_categorie, nom_sous_sous_categorie) VALUES(1104,110400,'Non spécialisable');
INSERT INTO SOUSSOUSCATEGORIE(id_sous_categorie, id_sous_sous_categorie, nom_sous_sous_categorie) VALUES(1101,110100,'Non spécialisable');
INSERT INTO SOUSSOUSCATEGORIE(id_sous_categorie, id_sous_sous_categorie, nom_sous_sous_categorie) VALUES(1103,110300,'Non spécialisable');
INSERT INTO SOUSSOUSCATEGORIE(id_sous_categorie, id_sous_sous_categorie, nom_sous_sous_categorie) VALUES(1102,110200,'Non spécialisable');
